{"stats":{"minecraft:crafted":{"minecraft:birch_planks":64},"minecraft:picked_up":{"minecraft:birch_log":36,"minecraft:crafting_table":2,"minecraft:feather":6,"minecraft:stone_axe":1,"minecraft:torch":20,"minecraft:wheat_seeds":10,"minecraft:birch_planks":47,"minecraft:pointed_dripstone":1,"minecraft:gunpowder":2,"minecraft:birch_sapling":1,"minecraft:coal":15,"minecraft:white_wool":4,"minecraft:cobblestone":2},"minecraft:custom":{"minecraft:time_since_rest":3557,"minecraft:deaths":1,"minecraft:crouch_one_cm":554,"minecraft:play_time":12318,"minecraft:sprint_one_cm":23310,"minecraft:damage_taken":256,"minecraft:walk_one_cm":65551,"minecraft:sneak_time":68,"minecraft:jump":185,"minecraft:damage_dealt":28,"minecraft:leave_game":1,"minecraft:time_since_death":3473,"minecraft:total_world_time":12318,"minecraft:fall_one_cm":3496,"minecraft:fly_one_cm":13629},"minecraft:mined":{"minecraft:short_grass":72,"minecraft:birch_planks":1,"minecraft:birch_log":27},"minecraft:used":{"minecraft:birch_planks":19},"minecraft:killed_by":{"minecraft:player":1}},"DataVersion":3953}