{"stats":{"minecraft:picked_up":{"minecraft:birch_log":23},"minecraft:crafted":{"minecraft:birch_planks":64},"minecraft:custom":{"minecraft:jump":109,"minecraft:time_since_rest":7611,"minecraft:damage_dealt":28,"minecraft:crouch_one_cm":477,"minecraft:sprint_one_cm":14157,"minecraft:play_time":7611,"minecraft:damage_taken":196,"minecraft:time_since_death":7611,"minecraft:walk_one_cm":29194,"minecraft:sneak_time":60,"minecraft:total_world_time":7611,"minecraft:fall_one_cm":1490,"minecraft:fly_one_cm":7314},"minecraft:mined":{"minecraft:birch_log":27},"minecraft:used":{"minecraft:birch_planks":8}},"DataVersion":3953}