{"stats":{"minecraft:crafted":{"minecraft:crafting_table":1,"minecraft:stick":8,"minecraft:wooden_pickaxe":1,"minecraft:stone_pickaxe":1,"minecraft:furnace":1,"minecraft:cooked_salmon":12,"minecraft:birch_planks":24,"minecraft:stone_axe":1,"minecraft:cooked_mutton":2,"minecraft:air":0},"minecraft:picked_up":{"minecraft:birch_log":30,"minecraft:stick":6,"minecraft:crafting_table":3,"minecraft:salmon":14,"minecraft:wooden_pickaxe":1,"minecraft:birch_planks":13,"minecraft:cooked_mutton":1,"minecraft:bone":2,"minecraft:rotten_flesh":2,"minecraft:stone_pickaxe":2,"minecraft:bone_meal":1,"minecraft:mutton":2,"minecraft:coal":67,"minecraft:white_wool":2,"minecraft:cobblestone":35,"minecraft:furnace":3},"minecraft:custom":{"minecraft:time_since_rest":11450,"minecraft:interact_with_furnace":13,"minecraft:sprint_one_cm":54587,"minecraft:damage_taken":965,"minecraft:walk_one_cm":90259,"minecraft:mob_kills":15,"minecraft:damage_dealt":968,"minecraft:swim_one_cm":14579,"minecraft:interact_with_crafting_table":10,"minecraft:fly_one_cm":40904,"minecraft:player_kills":3,"minecraft:crouch_one_cm":12508,"minecraft:play_time":23112,"minecraft:deaths":2,"minecraft:sneak_time":3869,"minecraft:walk_under_water_one_cm":9083,"minecraft:jump":488,"minecraft:walk_on_water_one_cm":5714,"minecraft:time_since_death":11422,"minecraft:total_world_time":23112,"minecraft:fall_one_cm":11178},"minecraft:mined":{"minecraft:furnace":2,"minecraft:birch_log":14,"minecraft:birch_leaves":9,"minecraft:crafting_table":2,"minecraft:short_grass":2,"minecraft:grass_block":10,"minecraft:coal_ore":19,"minecraft:dirt":3,"minecraft:stone":28,"minecraft:oak_leaves":2},"minecraft:used":{"minecraft:cooked_mutton":2,"minecraft:stone_pickaxe":63,"minecraft:wooden_pickaxe":5,"minecraft:cooked_salmon":3,"minecraft:rotten_flesh":1,"minecraft:white_wool":1,"minecraft:stone_axe":1,"minecraft:cobblestone":1,"minecraft:crafting_table":2,"minecraft:furnace":2},"minecraft:killed":{"minecraft:sheep":1,"minecraft:salmon":13},"minecraft:killed_by":{"minecraft:zombie":1}},"DataVersion":3953}