{"stats":{"minecraft:crafted":{"minecraft:furnace":1,"minecraft:birch_planks":24,"minecraft:crafting_table":1,"minecraft:air":0,"minecraft:stick":8,"minecraft:cooked_mutton":2,"minecraft:stone_pickaxe":1,"minecraft:wooden_pickaxe":1},"minecraft:picked_up":{"minecraft:crafting_table":1,"minecraft:birch_log":18,"minecraft:bone":1,"minecraft:mutton":2,"minecraft:white_wool":1,"minecraft:coal":45,"minecraft:cobblestone":23,"minecraft:furnace":1},"minecraft:custom":{"minecraft:time_since_rest":10130,"minecraft:interact_with_furnace":3,"minecraft:crouch_one_cm":6734,"minecraft:play_time":11112,"minecraft:sprint_one_cm":23457,"minecraft:walk_one_cm":51881,"minecraft:damage_taken":425,"minecraft:deaths":1,"minecraft:sneak_time":2122,"minecraft:mob_kills":1,"minecraft:jump":207,"minecraft:damage_dealt":375,"minecraft:time_since_death":10097,"minecraft:total_world_time":11112,"minecraft:interact_with_crafting_table":5,"minecraft:fall_one_cm":2543,"minecraft:fly_one_cm":13409,"minecraft:player_kills":2},"minecraft:mined":{"minecraft:coal_ore":19,"minecraft:furnace":1,"minecraft:birch_log":14,"minecraft:stone":28,"minecraft:birch_leaves":3,"minecraft:crafting_table":1},"minecraft:killed":{"minecraft:sheep":1},"minecraft:used":{"minecraft:cooked_mutton":1,"minecraft:crafting_table":1,"minecraft:furnace":1,"minecraft:stone_pickaxe":46,"minecraft:wooden_pickaxe":5}},"DataVersion":3953}