{"stats":{"minecraft:crafted":{"minecraft:crafting_table":1,"minecraft:stick":8,"minecraft:wooden_pickaxe":1,"minecraft:stone_pickaxe":1,"minecraft:furnace":1,"minecraft:cooked_salmon":12,"minecraft:torch":16,"minecraft:birch_planks":24,"minecraft:stone_axe":1,"minecraft:cooked_mutton":2,"minecraft:air":0},"minecraft:picked_up":{"minecraft:birch_log":30,"minecraft:stick":6,"minecraft:crafting_table":3,"minecraft:andesite":2,"minecraft:salmon":14,"minecraft:brown_wool":1,"minecraft:torch":2,"minecraft:wooden_pickaxe":1,"minecraft:birch_planks":13,"minecraft:dirt":33,"minecraft:cooked_mutton":1,"minecraft:bone":2,"minecraft:rotten_flesh":3,"minecraft:stone_pickaxe":2,"minecraft:bone_meal":1,"minecraft:mutton":4,"minecraft:coal":67,"minecraft:white_wool":2,"minecraft:cobblestone":35,"minecraft:furnace":3},"minecraft:custom":{"minecraft:time_since_rest":35450,"minecraft:interact_with_furnace":13,"minecraft:sprint_one_cm":136916,"minecraft:damage_taken":1531,"minecraft:walk_one_cm":147261,"minecraft:mob_kills":16,"minecraft:damage_dealt":1262,"minecraft:swim_one_cm":15709,"minecraft:interact_with_crafting_table":10,"minecraft:fly_one_cm":87861,"minecraft:player_kills":3,"minecraft:crouch_one_cm":40791,"minecraft:play_time":47112,"minecraft:deaths":2,"minecraft:sneak_time":11815,"minecraft:walk_under_water_one_cm":9114,"minecraft:jump":1157,"minecraft:walk_on_water_one_cm":5964,"minecraft:time_since_death":35422,"minecraft:total_world_time":47112,"minecraft:fall_one_cm":20655},"minecraft:mined":{"minecraft:birch_planks":1,"minecraft:furnace":2,"minecraft:birch_log":14,"minecraft:andesite":2,"minecraft:birch_leaves":16,"minecraft:torch":2,"minecraft:crafting_table":2,"minecraft:short_grass":2,"minecraft:grass_block":10,"minecraft:coal_ore":19,"minecraft:dirt":12,"minecraft:stone":28,"minecraft:oak_leaves":3},"minecraft:used":{"minecraft:cooked_mutton":2,"minecraft:birch_planks":11,"minecraft:stone_pickaxe":67,"minecraft:wooden_pickaxe":5,"minecraft:cooked_salmon":12,"minecraft:mutton":2,"minecraft:rotten_flesh":2,"minecraft:torch":7,"minecraft:white_wool":1,"minecraft:stone_axe":5,"minecraft:dirt":26,"minecraft:cobblestone":1,"minecraft:crafting_table":2,"minecraft:furnace":2,"minecraft:andesite":2},"minecraft:killed":{"minecraft:sheep":2,"minecraft:salmon":13},"minecraft:killed_by":{"minecraft:zombie":1}},"DataVersion":3953}