{"stats":{"minecraft:crafted":{"minecraft:crafting_table":2,"minecraft:stick":16,"minecraft:cooked_chicken":4,"minecraft:wooden_pickaxe":2,"minecraft:stone_pickaxe":1,"minecraft:furnace":1,"minecraft:cooked_salmon":1,"minecraft:torch":24,"minecraft:birch_planks":88,"minecraft:stone_axe":1,"minecraft:air":0,"minecraft:cooked_mutton":1},"minecraft:picked_up":{"minecraft:birch_log":31,"minecraft:crafting_table":6,"minecraft:feather":9,"minecraft:chicken":4,"minecraft:salmon":14,"minecraft:torch":48,"minecraft:birch_planks":142,"minecraft:dirt":21,"minecraft:rotten_flesh":6,"minecraft:stone_axe":2,"minecraft:stone_pickaxe":1,"minecraft:cooked_chicken":3,"minecraft:mutton":1,"minecraft:coal":19,"minecraft:white_wool":3,"minecraft:cobblestone":39,"minecraft:furnace":2},"minecraft:custom":{"minecraft:time_since_rest":4612,"minecraft:interact_with_furnace":10,"minecraft:sprint_one_cm":120894,"minecraft:damage_taken":1316,"minecraft:walk_one_cm":45015,"minecraft:mob_kills":25,"minecraft:drop":4,"minecraft:damage_dealt":2296,"minecraft:swim_one_cm":26183,"minecraft:interact_with_crafting_table":5,"minecraft:fly_one_cm":63304,"minecraft:crouch_one_cm":9856,"minecraft:play_time":23644,"minecraft:deaths":3,"minecraft:sneak_time":2828,"minecraft:walk_under_water_one_cm":5481,"minecraft:jump":449,"minecraft:walk_on_water_one_cm":6407,"minecraft:time_since_death":4573,"minecraft:total_world_time":23644,"minecraft:fall_one_cm":15409},"minecraft:mined":{"minecraft:furnace":1,"minecraft:birch_log":29,"minecraft:birch_leaves":4,"minecraft:crafting_table":2,"minecraft:short_grass":4,"minecraft:grass_block":1,"minecraft:coal_ore":17,"minecraft:gravel":1,"minecraft:dirt":2,"minecraft:stone":29},"minecraft:killed":{"minecraft:sheep":1,"minecraft:skeleton":1,"minecraft:zombie":5,"minecraft:chicken":4,"minecraft:salmon":12},"minecraft:used":{"minecraft:cooked_mutton":1,"minecraft:stone_pickaxe":39,"minecraft:wooden_pickaxe":13,"minecraft:cooked_salmon":1,"minecraft:cooked_chicken":4,"minecraft:rotten_flesh":4,"minecraft:stone_axe":54,"minecraft:crafting_table":2,"minecraft:furnace":1,"minecraft:birch_log":2},"minecraft:dropped":{"minecraft:rotten_flesh":2,"minecraft:birch_log":2},"minecraft:killed_by":{"minecraft:player":2,"minecraft:zombie":1}},"DataVersion":3953}