{"stats":{"minecraft:crafted":{"minecraft:crafting_table":2,"minecraft:stick":12,"minecraft:cooked_chicken":4,"minecraft:wooden_pickaxe":1,"minecraft:stone_pickaxe":1,"minecraft:furnace":1,"minecraft:torch":24,"minecraft:birch_planks":88,"minecraft:stone_axe":1,"minecraft:air":0,"minecraft:cooked_mutton":1},"minecraft:picked_up":{"minecraft:birch_log":27,"minecraft:crafting_table":2,"minecraft:feather":3,"minecraft:chicken":4,"minecraft:dirt":1,"minecraft:rotten_flesh":2,"minecraft:mutton":1,"minecraft:coal":13,"minecraft:white_wool":1,"minecraft:cobblestone":22,"minecraft:furnace":1},"minecraft:custom":{"minecraft:time_since_rest":929,"minecraft:interact_with_furnace":9,"minecraft:sprint_one_cm":52798,"minecraft:damage_taken":728,"minecraft:walk_one_cm":25541,"minecraft:mob_kills":8,"minecraft:drop":2,"minecraft:damage_dealt":1102,"minecraft:interact_with_crafting_table":4,"minecraft:fly_one_cm":14661,"minecraft:crouch_one_cm":5886,"minecraft:play_time":11644,"minecraft:deaths":2,"minecraft:sneak_time":2027,"minecraft:jump":122,"minecraft:time_since_death":872,"minecraft:total_world_time":11644,"minecraft:fall_one_cm":2847},"minecraft:mined":{"minecraft:furnace":1,"minecraft:birch_log":29,"minecraft:birch_leaves":1,"minecraft:crafting_table":2,"minecraft:short_grass":3,"minecraft:grass_block":1,"minecraft:coal_ore":17,"minecraft:stone":19},"minecraft:killed":{"minecraft:sheep":1,"minecraft:skeleton":1,"minecraft:zombie":1,"minecraft:chicken":4},"minecraft:used":{"minecraft:cooked_mutton":1,"minecraft:stone_pickaxe":26,"minecraft:wooden_pickaxe":13,"minecraft:cooked_chicken":1,"minecraft:rotten_flesh":2,"minecraft:stone_axe":30,"minecraft:crafting_table":2,"minecraft:furnace":1},"minecraft:dropped":{"minecraft:birch_log":2},"minecraft:killed_by":{"minecraft:player":1,"minecraft:zombie":1}},"DataVersion":3953}