{"stats":{"minecraft:crafted":{"minecraft:crafting_table":2,"minecraft:wooden_pickaxe":2,"minecraft:cooked_chicken":4,"minecraft:furnace":2,"minecraft:cooked_salmon":6,"minecraft:birch_planks":92,"minecraft:stone_axe":1,"minecraft:cooked_mutton":1,"minecraft:air":0,"minecraft:stick":16,"minecraft:stone_pickaxe":2,"minecraft:torch":24},"minecraft:picked_up":{"minecraft:birch_log":35,"minecraft:crafting_table":11,"minecraft:feather":15,"minecraft:chicken":4,"minecraft:salmon":14,"minecraft:birch_planks":157,"minecraft:gunpowder":6,"minecraft:dirt":25,"minecraft:wheat_seeds":2,"minecraft:stone_pickaxe":1,"minecraft:cooked_chicken":3,"minecraft:birch_sapling":2,"minecraft:furnace":4,"minecraft:raw_iron":23,"minecraft:torch":88,"minecraft:porkchop":4,"minecraft:pointed_dripstone":3,"minecraft:rotten_flesh":9,"minecraft:stone_axe":4,"minecraft:granite":1,"minecraft:mutton":2,"minecraft:coal":64,"minecraft:white_wool":9,"minecraft:cobblestone":67},"minecraft:custom":{"minecraft:interact_with_furnace":20,"minecraft:mob_kills":29,"minecraft:interact_with_crafting_table":11,"minecraft:time_since_death":3129,"minecraft:time_since_rest":3155,"minecraft:sprint_one_cm":221505,"minecraft:damage_taken":2520,"minecraft:walk_one_cm":86137,"minecraft:drop":5,"minecraft:damage_dealt":3436,"minecraft:swim_one_cm":34884,"minecraft:fly_one_cm":101200,"minecraft:crouch_one_cm":16992,"minecraft:play_time":47644,"minecraft:deaths":6,"minecraft:sneak_time":5325,"minecraft:walk_under_water_one_cm":5609,"minecraft:jump":888,"minecraft:walk_on_water_one_cm":6886,"minecraft:total_world_time":47644,"minecraft:fall_one_cm":35437},"minecraft:mined":{"minecraft:crafting_table":3,"minecraft:granite":1,"minecraft:short_grass":7,"minecraft:grass_block":2,"minecraft:cobblestone":3,"minecraft:furnace":2,"minecraft:birch_log":29,"minecraft:iron_ore":23,"minecraft:birch_leaves":5,"minecraft:pointed_dripstone":1,"minecraft:coal_ore":32,"minecraft:gravel":1,"minecraft:dirt":5,"minecraft:stone":52,"minecraft:white_wool":1,"minecraft:oak_leaves":2},"minecraft:killed":{"minecraft:pig":1,"minecraft:salmon":12,"minecraft:creeper":1,"minecraft:sheep":2,"minecraft:skeleton":1,"minecraft:zombie":5,"minecraft:chicken":4},"minecraft:used":{"minecraft:cooked_mutton":1,"minecraft:birch_planks":64,"minecraft:stone_pickaxe":103,"minecraft:wooden_pickaxe":19,"minecraft:cooked_salmon":6,"minecraft:cooked_chicken":4,"minecraft:rotten_flesh":7,"minecraft:white_wool":1,"minecraft:torch":4,"minecraft:dirt":14,"minecraft:mutton":1,"minecraft:crafting_table":4,"minecraft:granite":1,"minecraft:stone_axe":69,"minecraft:cobblestone":15,"minecraft:furnace":3,"minecraft:birch_log":2},"minecraft:dropped":{"minecraft:rotten_flesh":2,"minecraft:wooden_pickaxe":1,"minecraft:birch_log":2},"minecraft:killed_by":{"minecraft:player":2,"minecraft:zombie":1}},"DataVersion":3953}