{"stats":{"minecraft:crafted":{"minecraft:crafting_table":2,"minecraft:stick":16,"minecraft:cooked_chicken":4,"minecraft:wooden_pickaxe":2,"minecraft:stone_pickaxe":2,"minecraft:furnace":2,"minecraft:cooked_salmon":6,"minecraft:torch":24,"minecraft:birch_planks":92,"minecraft:stone_axe":1,"minecraft:air":0,"minecraft:cooked_mutton":1},"minecraft:picked_up":{"minecraft:birch_log":31,"minecraft:raw_iron":23,"minecraft:crafting_table":7,"minecraft:feather":9,"minecraft:chicken":4,"minecraft:salmon":14,"minecraft:torch":48,"minecraft:birch_planks":142,"minecraft:pointed_dripstone":1,"minecraft:gunpowder":2,"minecraft:dirt":25,"minecraft:rotten_flesh":6,"minecraft:stone_axe":2,"minecraft:granite":1,"minecraft:stone_pickaxe":1,"minecraft:cooked_chicken":3,"minecraft:mutton":1,"minecraft:coal":34,"minecraft:white_wool":3,"minecraft:cobblestone":64,"minecraft:furnace":3},"minecraft:custom":{"minecraft:time_since_rest":16612,"minecraft:interact_with_furnace":18,"minecraft:sprint_one_cm":139254,"minecraft:damage_taken":1561,"minecraft:walk_one_cm":59389,"minecraft:mob_kills":26,"minecraft:drop":5,"minecraft:damage_dealt":2534,"minecraft:swim_one_cm":26183,"minecraft:interact_with_crafting_table":10,"minecraft:fly_one_cm":71036,"minecraft:crouch_one_cm":14843,"minecraft:play_time":35644,"minecraft:deaths":3,"minecraft:sneak_time":4469,"minecraft:walk_under_water_one_cm":5481,"minecraft:jump":608,"minecraft:walk_on_water_one_cm":6407,"minecraft:time_since_death":16573,"minecraft:total_world_time":35644,"minecraft:fall_one_cm":21588},"minecraft:mined":{"minecraft:furnace":2,"minecraft:iron_ore":23,"minecraft:birch_log":29,"minecraft:birch_leaves":5,"minecraft:crafting_table":3,"minecraft:granite":1,"minecraft:short_grass":4,"minecraft:pointed_dripstone":1,"minecraft:grass_block":2,"minecraft:coal_ore":32,"minecraft:gravel":1,"minecraft:dirt":5,"minecraft:cobblestone":2,"minecraft:stone":52,"minecraft:oak_leaves":2},"minecraft:killed":{"minecraft:sheep":1,"minecraft:skeleton":1,"minecraft:zombie":5,"minecraft:chicken":4,"minecraft:salmon":12,"minecraft:creeper":1},"minecraft:used":{"minecraft:cooked_mutton":1,"minecraft:birch_planks":35,"minecraft:stone_pickaxe":101,"minecraft:wooden_pickaxe":19,"minecraft:white_wool":1,"minecraft:cooked_salmon":6,"minecraft:cooked_chicken":4,"minecraft:rotten_flesh":4,"minecraft:stone_axe":58,"minecraft:torch":4,"minecraft:dirt":14,"minecraft:cobblestone":14,"minecraft:crafting_table":3,"minecraft:furnace":2,"minecraft:birch_log":2,"minecraft:granite":1},"minecraft:dropped":{"minecraft:rotten_flesh":2,"minecraft:wooden_pickaxe":1,"minecraft:birch_log":2},"minecraft:killed_by":{"minecraft:player":2,"minecraft:zombie":1}},"DataVersion":3953}