{"stats":{"minecraft:crafted":{"minecraft:cobblestone_slab":6,"minecraft:crafting_table":2,"minecraft:stick":16,"minecraft:wooden_pickaxe":2,"minecraft:stone_pickaxe":2,"minecraft:stone_sword":2,"minecraft:cooked_salmon":1,"minecraft:torch":12,"minecraft:birch_planks":28,"minecraft:stone_axe":1,"minecraft:air":0},"minecraft:picked_up":{"minecraft:birch_log":7,"minecraft:stick":1,"minecraft:raw_iron":1,"minecraft:crafting_table":1,"minecraft:feather":3,"minecraft:chicken":1,"minecraft:salmon":18,"minecraft:leather":2,"minecraft:porkchop":5,"minecraft:dirt":18,"minecraft:beef":8,"minecraft:bone_meal":1,"minecraft:black_wool":1,"minecraft:birch_sapling":3,"minecraft:mutton":2,"minecraft:coal":26,"minecraft:cobblestone":41},"minecraft:custom":{"minecraft:time_since_rest":17379,"minecraft:interact_with_furnace":1,"minecraft:sprint_one_cm":73359,"minecraft:damage_taken":913,"minecraft:walk_one_cm":44296,"minecraft:mob_kills":15,"minecraft:drop":7,"minecraft:damage_dealt":1448,"minecraft:swim_one_cm":45724,"minecraft:interact_with_crafting_table":8,"minecraft:fly_one_cm":79793,"minecraft:crouch_one_cm":300,"minecraft:play_time":23610,"minecraft:deaths":2,"minecraft:sneak_time":208,"minecraft:walk_under_water_one_cm":9541,"minecraft:jump":645,"minecraft:walk_on_water_one_cm":16196,"minecraft:time_since_death":17347,"minecraft:total_world_time":23610,"minecraft:fall_one_cm":18561},"minecraft:mined":{"minecraft:birch_log":7,"minecraft:iron_ore":1,"minecraft:birch_leaves":3,"minecraft:crafting_table":1,"minecraft:short_grass":2,"minecraft:grass_block":6,"minecraft:coal_ore":26,"minecraft:dirt":9,"minecraft:stone":40},"minecraft:used":{"minecraft:stone_sword":31,"minecraft:chicken":1,"minecraft:stone_pickaxe":50,"minecraft:birch_sapling":2,"minecraft:wooden_pickaxe":26,"minecraft:cooked_salmon":1,"minecraft:salmon":7,"minecraft:torch":4,"minecraft:dirt":1,"minecraft:mutton":2,"minecraft:beef":1,"minecraft:crafting_table":2,"minecraft:porkchop":5},"minecraft:killed":{"minecraft:skeleton":1,"minecraft:sheep":1,"minecraft:pig":2,"minecraft:chicken":1,"minecraft:salmon":6,"minecraft:cow":4},"minecraft:dropped":{"minecraft:cobblestone_slab":6,"minecraft:feather":3,"minecraft:wooden_pickaxe":1,"minecraft:salmon":6},"minecraft:killed_by":{"minecraft:player":1,"minecraft:skeleton":1}},"DataVersion":3953}