{"stats":{"minecraft:crafted":{"minecraft:cobblestone_slab":6,"minecraft:crafting_table":2,"minecraft:stick":16,"minecraft:wooden_pickaxe":2,"minecraft:stone_pickaxe":2,"minecraft:stone_sword":2,"minecraft:torch":12,"minecraft:birch_planks":28,"minecraft:stone_axe":1},"minecraft:picked_up":{"minecraft:birch_log":7,"minecraft:stick":1,"minecraft:raw_iron":1,"minecraft:crafting_table":1,"minecraft:chicken":1,"minecraft:porkchop":5,"minecraft:dirt":15,"minecraft:beef":2,"minecraft:black_wool":1,"minecraft:birch_sapling":3,"minecraft:mutton":2,"minecraft:coal":26,"minecraft:cobblestone":33},"minecraft:custom":{"minecraft:time_since_rest":5379,"minecraft:sprint_one_cm":48723,"minecraft:damage_taken":718,"minecraft:walk_one_cm":25156,"minecraft:mob_kills":6,"minecraft:drop":2,"minecraft:damage_dealt":940,"minecraft:interact_with_crafting_table":7,"minecraft:fly_one_cm":41394,"minecraft:crouch_one_cm":70,"minecraft:play_time":11610,"minecraft:deaths":2,"minecraft:sneak_time":9,"minecraft:jump":305,"minecraft:time_since_death":5347,"minecraft:total_world_time":11610,"minecraft:fall_one_cm":11101},"minecraft:mined":{"minecraft:birch_log":7,"minecraft:iron_ore":1,"minecraft:birch_leaves":3,"minecraft:crafting_table":1,"minecraft:short_grass":2,"minecraft:grass_block":6,"minecraft:coal_ore":26,"minecraft:dirt":9,"minecraft:stone":32},"minecraft:used":{"minecraft:stone_sword":13,"minecraft:chicken":1,"minecraft:stone_pickaxe":42,"minecraft:birch_sapling":1,"minecraft:wooden_pickaxe":26,"minecraft:torch":4,"minecraft:mutton":2,"minecraft:crafting_table":2,"minecraft:porkchop":4},"minecraft:killed":{"minecraft:skeleton":1,"minecraft:sheep":1,"minecraft:pig":2,"minecraft:chicken":1,"minecraft:cow":1},"minecraft:dropped":{"minecraft:cobblestone_slab":6,"minecraft:wooden_pickaxe":1},"minecraft:killed_by":{"minecraft:player":1,"minecraft:skeleton":1}},"DataVersion":3953}