{"stats":{"minecraft:picked_up":{"minecraft:birch_log":13,"minecraft:stick":1,"minecraft:raw_iron":1,"minecraft:crafting_table":2,"minecraft:feather":3,"minecraft:chicken":1,"minecraft:salmon":18,"minecraft:leather":2,"minecraft:porkchop":5,"minecraft:dirt":20,"minecraft:beef":10,"minecraft:bone_meal":1,"minecraft:black_wool":1,"minecraft:birch_sapling":3,"minecraft:mutton":3,"minecraft:coal":149,"minecraft:white_wool":1,"minecraft:cobblestone":69,"minecraft:furnace":1},"minecraft:crafted":{"minecraft:cooked_beef":5,"minecraft:cobblestone_slab":6,"minecraft:crafting_table":3,"minecraft:stick":16,"minecraft:wooden_pickaxe":2,"minecraft:stone_pickaxe":2,"minecraft:stone_sword":2,"minecraft:furnace":1,"minecraft:cooked_salmon":6,"minecraft:torch":12,"minecraft:birch_planks":52,"minecraft:stone_axe":1,"minecraft:cooked_mutton":1,"minecraft:air":0},"minecraft:custom":{"minecraft:time_since_rest":29379,"minecraft:interact_with_furnace":18,"minecraft:sprint_one_cm":93427,"minecraft:damage_taken":973,"minecraft:walk_one_cm":57106,"minecraft:mob_kills":16,"minecraft:drop":7,"minecraft:damage_dealt":1528,"minecraft:swim_one_cm":47185,"minecraft:interact_with_crafting_table":10,"minecraft:fly_one_cm":106146,"minecraft:crouch_one_cm":8439,"minecraft:play_time":35610,"minecraft:deaths":2,"minecraft:sneak_time":2375,"minecraft:walk_under_water_one_cm":9824,"minecraft:jump":917,"minecraft:walk_on_water_one_cm":16313,"minecraft:time_since_death":29347,"minecraft:total_world_time":35610,"minecraft:fall_one_cm":23544},"minecraft:mined":{"minecraft:furnace":1,"minecraft:birch_log":13,"minecraft:iron_ore":1,"minecraft:birch_leaves":4,"minecraft:crafting_table":2,"minecraft:short_grass":2,"minecraft:grass_block":7,"minecraft:coal_ore":89,"minecraft:dirt":10,"minecraft:cobblestone":4,"minecraft:stone":64},"minecraft:used":{"minecraft:stone_sword":33,"minecraft:chicken":1,"minecraft:stone_pickaxe":143,"minecraft:birch_sapling":2,"minecraft:wooden_pickaxe":26,"minecraft:cooked_salmon":2,"minecraft:stone_axe":8,"minecraft:salmon":7,"minecraft:torch":4,"minecraft:cobblestone":28,"minecraft:dirt":7,"minecraft:mutton":2,"minecraft:beef":1,"minecraft:crafting_table":3,"minecraft:furnace":2,"minecraft:porkchop":5,"minecraft:cooked_beef":3},"minecraft:killed":{"minecraft:skeleton":1,"minecraft:sheep":2,"minecraft:pig":2,"minecraft:chicken":1,"minecraft:salmon":6,"minecraft:cow":4},"minecraft:dropped":{"minecraft:cobblestone_slab":6,"minecraft:feather":3,"minecraft:wooden_pickaxe":1,"minecraft:salmon":6},"minecraft:killed_by":{"minecraft:player":1,"minecraft:skeleton":1}},"DataVersion":3953}