{"stats":{"minecraft:crafted":{"minecraft:cooked_beef":5,"minecraft:cobblestone_slab":6,"minecraft:crafting_table":3,"minecraft:wooden_pickaxe":2,"minecraft:furnace":1,"minecraft:cooked_salmon":6,"minecraft:birch_planks":52,"minecraft:stone_axe":1,"minecraft:cooked_mutton":1,"minecraft:air":0,"minecraft:stick":16,"minecraft:stone_pickaxe":2,"minecraft:stone_sword":2,"minecraft:torch":20},"minecraft:picked_up":{"minecraft:birch_log":14,"minecraft:crafting_table":2,"minecraft:feather":3,"minecraft:chicken":1,"minecraft:salmon":18,"minecraft:leather":2,"minecraft:dirt":27,"minecraft:wheat_seeds":2,"minecraft:beef":10,"minecraft:birch_sapling":3,"minecraft:furnace":2,"minecraft:raw_iron":1,"minecraft:stick":1,"minecraft:porkchop":5,"minecraft:rotten_flesh":2,"minecraft:bone_meal":1,"minecraft:black_wool":1,"minecraft:mutton":3,"minecraft:coal":164,"minecraft:white_wool":1,"minecraft:cobblestone":88},"minecraft:custom":{"minecraft:interact_with_furnace":19,"minecraft:mob_kills":16,"minecraft:interact_with_crafting_table":10,"minecraft:leave_game":1,"minecraft:time_since_death":45707,"minecraft:time_since_rest":45739,"minecraft:sprint_one_cm":155048,"minecraft:walk_one_cm":80143,"minecraft:damage_taken":1531,"minecraft:drop":21,"minecraft:damage_dealt":1591,"minecraft:swim_one_cm":47185,"minecraft:fly_one_cm":189309,"minecraft:crouch_one_cm":14139,"minecraft:play_time":51970,"minecraft:deaths":2,"minecraft:sneak_time":3890,"minecraft:walk_under_water_one_cm":9824,"minecraft:jump":1389,"minecraft:walk_on_water_one_cm":16313,"minecraft:total_world_time":51970,"minecraft:fall_one_cm":35304},"minecraft:mined":{"minecraft:crafting_table":2,"minecraft:short_grass":2,"minecraft:grass_block":10,"minecraft:cobblestone":18,"minecraft:birch_planks":1,"minecraft:furnace":2,"minecraft:birch_log":13,"minecraft:iron_ore":1,"minecraft:birch_leaves":4,"minecraft:coal_ore":89,"minecraft:dirt":14,"minecraft:stone":70},"minecraft:killed":{"minecraft:pig":2,"minecraft:salmon":6,"minecraft:sheep":2,"minecraft:skeleton":1,"minecraft:chicken":1,"minecraft:cow":4},"minecraft:used":{"minecraft:stone_sword":33,"minecraft:birch_planks":1,"minecraft:stone_pickaxe":164,"minecraft:wooden_pickaxe":26,"minecraft:cooked_salmon":6,"minecraft:salmon":7,"minecraft:torch":4,"minecraft:dirt":7,"minecraft:mutton":2,"minecraft:crafting_table":3,"minecraft:chicken":1,"minecraft:birch_sapling":2,"minecraft:stone_axe":9,"minecraft:cobblestone":29,"minecraft:beef":1,"minecraft:furnace":2,"minecraft:porkchop":5,"minecraft:cooked_beef":5},"minecraft:dropped":{"minecraft:wheat_seeds":2,"minecraft:feather":3,"minecraft:rotten_flesh":2,"minecraft:salmon":6,"minecraft:coal":8,"minecraft:cobblestone_slab":6,"minecraft:bone_meal":1,"minecraft:wooden_pickaxe":1,"minecraft:birch_log":1},"minecraft:killed_by":{"minecraft:player":1,"minecraft:skeleton":1}},"DataVersion":3953}